Id,SalePrice
1461,0.08423965473390346
1462,0.048077011943456
1463,0.13147169573631654
1464,0.04014360704617113
1465,0.3109552175658316
1466,-0.05050375005646565
1467,0.3780604067141631
1468,0.17663287877343825
1469,-0.07154879121305437
1470,-0.11520860590454919
1471,-0.08214722902380096
1472,0.59222351246414
1473,-0.09624866341652809
1474,0.16011456329668625
1475,-0.02645831824545418
1476,-0.06115913769487495
1477,-0.017469872017029466
1478,-0.12320763923438093
1479,-0.0385157702129036
1480,-0.07169514798495095
1481,0.42552724185290924
1482,-0.07103829013571648
1483,0.11894512297217497
1484,-0.05967521312864146
1485,-0.006686759554217103
1486,0.24836356088651984
1487,-0.09290101602621857
1488,0.34437634750780377
1489,0.11889862642670468
1490,-0.2636011664114546
1491,-0.162184850979657
1492,-0.07378748170990995
1493,0.08806462106437205
1494,0.018467733033797874
1495,0.35894565176614496
1496,0.40101519110736156
1497,-0.048614484864597754
1498,-0.007659369288639896
1499,-0.08563446560558989
1500,-0.21943652961000737
1501,-0.032490134764783615
1502,0.026965121722610785
1503,-0.05722961257159506
1504,-0.0834060595801583
1505,-0.05907124282742679
1506,0.3639602665373263
1507,0.24836270384723452
1508,0.1651457215231636
1509,-0.15147835263477644
1510,-0.09153385656989065
1511,0.028605780594511656
1512,-0.10689392240883817
1513,-0.11592625943702718
1514,0.4805239981817578
1515,-0.0996066645339616
1516,0.005018319412520636
1517,0.09203076513893463
1518,0.06595542279515383
1519,0.7790611412327879
1520,-0.11521392993647318
1521,0.004797566869327238
1522,-0.17467425074691711
1523,0.09695597513012287
1524,-0.0679292286313055
1525,0.17003962360954944
1526,0.3762796868463276
1527,0.21692291887852921
1528,0.13252250814128586
1529,-0.26700335266537645
1530,0.188751622035233
1531,0.407314533738154
1532,-0.09620970708537636
1533,0.04645183172046609
1534,-0.06129935451613397
1535,-0.13805924703913552
1536,-0.18115128618953652
1537,-0.11686657004444377
1538,-0.12375561197380568
1539,-0.08210372345886703
1540,-0.1297913630825812
1541,0.05657182951441287
1542,0.00433788216173623
1543,0.20710062536724444
1544,-0.08760511923019619
1545,0.0007183715217621428
1546,0.28520936787093243
1547,0.013085915885179683
1548,-0.00432860297516284
1549,-0.20770792101925395
1550,-0.0946334949706442
1551,-0.1470708852700391
1552,-0.12163237505704029
1553,-0.04634949884421481
1554,-0.0009688531513088183
1555,0.09984231463237672
1556,0.07252210974119715
1557,0.1487338087722308
1558,-0.13174567236202883
1559,-0.23034025087406568
1560,-0.0854019222795012
1561,0.12415535046751333
1562,0.023996116885652827
1563,-0.08425411293844522
1564,0.07739765041016686
1565,-0.02594157549816968
1566,0.24214000130526148
1567,-0.19181763354244347
1568,-0.14231192791476305
1569,-0.11151814280010407
1570,0.12054461798749219
1571,-0.0496555928146291
1572,0.041074338724605704
1573,0.4384229821249699
1574,0.1684130929004129
1575,0.17349175188000815
1576,0.03278284290289245
1577,-0.0820367445401735
1578,-0.042927522774067695
1579,0.4258804459220186
1580,0.030534854828335345
1581,0.02163137668663385
1582,-0.18657151428067054
1583,-0.07255283654247593
1584,-0.02241343044019023
1585,0.02767809183838815
1586,-0.19378482438205824
1587,-0.08312687254023728
1588,-0.17950223872099436
1589,-0.03393383042638111
1590,-0.08162419699327615
1591,0.13142044651844567
1592,0.14416389350659053
1593,-0.025119596910867056
1594,0.17586920482842627
1595,0.017788204764073712
1596,0.03678979157009591
1597,-0.046018707650961305
1598,0.16958323720466267
1599,0.1865698337527466
1600,0.14501308958392434
1601,-0.17413312133633185
1602,0.19194752153026268
1603,-0.09922233002778065
1604,0.12935394300528097
1605,-0.08292949379573498
1606,-0.07295667302087962
1607,-0.15445851196788746
1608,0.14094254254187497
1609,-0.02950997543167258
1610,-0.15718457213833942
1611,-0.056909910947276085
1612,0.437421259025733
1613,0.06459780763995807
1614,0.19620859100253168
1615,-0.11953649847018706
1616,-0.27067046794201793
1617,-0.11215063779268424
1618,0.2794559332940137
1619,0.19483727620421432
1620,0.34798370377245846
1621,0.015655527429725837
1622,0.6269507443060817
1623,0.19781613699295358
1624,-0.17038905432022178
1625,-0.04822163623581956
1626,-0.11372229201667163
1627,0.05433737227220914
1628,0.46918949780782304
1629,0.057707042975063134
1630,0.18865604916947404
1631,-0.0885003270631017
1632,0.15105877455714375
1633,0.16443032745789224
1634,-0.01733482340236992
1635,0.08925039984285732
1636,0.14157516738889248
1637,0.12516743595083663
1638,0.024631092097983105
1639,1.0744413151490544
1640,-0.16998650556498662
1641,0.024800837818255123
1642,0.03337593140227209
1643,-0.12686966421708534
1644,0.10433125267099622
1645,-0.10415298091988633
1646,0.8780548663138066
1647,0.03736687767433464
1648,-0.09693364557261362
1649,-0.0024615818483826393
1650,0.27348553792346697
1651,0.3577906744601569
1652,0.026079670286418274
1653,0.08493440194366429
1654,-0.07512822877371687
1655,-0.1036480938827156
1656,-0.044981010544146355
1657,0.4271559021748152
1658,0.15515830510957
1659,-0.11506555825655977
1660,0.39586381364295
1661,-0.07250249414142483
1662,-0.00807360494322043
1663,-0.13548981729080112
1664,-0.0825693814705679
1665,-0.10410745395421366
1666,-0.018906191946595596
1667,-0.07866941121718855
1668,-0.06835852740059808
1669,0.2705469060393636
1670,-0.026467485968718604
1671,-0.16918400514326015
1672,-0.00733901839213507
1673,0.2682854910160027
1674,-0.030493648764142414
1675,-0.025285810590448016
1676,-0.08381800979664485
1677,0.11290093132498309
1678,-0.16338449821203244
1679,0.2765548553131408
1680,0.0064213966061705124
1681,0.1057632874041356
1682,0.14127587888209706
1683,0.021499055015154978
1684,-0.14808245133561354
1685,0.6172338666268933
1686,-0.152044517980849
1687,0.22528780409965127
1688,-0.18671565270593216
1689,-0.1276479338008356
1690,0.051955893836238595
1691,-0.07178403334719559
1692,0.4802653541137971
1693,-0.17914903465188503
1694,-0.08821619256912418
1695,0.133921806570814
1696,-0.20067370615761454
1697,0.046181383884166725
1698,0.08362102819521322
1699,0.34196201589922837
1700,-0.0963568581335804
1701,0.2594153421798424
1702,-0.1469515230713902
1703,-0.20371489707619672
1704,-0.0975013951428196
1705,0.16284493463445207
1706,0.20700380589888845
1707,-0.10572918004917477
1708,-0.04127379621730595
1709,0.05795589601846069
1710,0.31302447399306416
1711,-0.2624221140928147
1712,0.26122660381130064
1713,0.02912749676673999
1714,-0.019692979981424344
1715,-0.046173559067289593
1716,0.15343524061183939
1717,0.14215460385844403
1718,0.17060615254804612
1719,0.10961796010134797
1720,-0.16353533712625207
1721,0.007642495791566763
1722,0.3649751049347177
1723,-0.031951238850517344
1724,-0.09581105396325658
1725,-0.28009992580996823
1726,0.04492884693953102
1727,0.06907252661770713
1728,0.035108189594154515
1729,-0.10636692116101683
1730,-0.03197528789228171
1731,0.2670712481448894
1732,0.168222128965107
1733,0.3594848853019476
1734,-0.05439268268268528
1735,-0.09787779121440808
1736,0.0621233144706408
1737,0.07514348126440032
1738,-0.1306844759305671
1739,0.6493101201339563
1740,0.12874779114952192
1741,0.14810962446362952
1742,0.12113501417154103
1743,0.1850045423961807
1744,0.18995254184109273
1745,0.03923693739494463
1746,-0.002378189328830438
1747,0.024749571286459382
1748,-0.18723117482150742
1749,-0.11308278488448399
1750,-0.07184444379560895
1751,0.17853155841200113
1752,-0.11254552513612613
1753,-0.07077836483730926
1754,0.19664913516608346
1755,0.05624927109247613
1756,-0.041319349153866106
1757,-0.04668127693119084
1758,0.17612691394443902
1759,0.02102900792347761
1760,0.0015940579042792724
1761,-0.015818123576194068
1762,0.26274213494754195
1763,0.08444430532688749
1764,-0.05969596386770165
1765,0.3028131625588979
1766,0.37308290434112545
1767,0.16536060464579677
1768,-0.1582551440601651
1769,-0.1264011234368791
1770,0.5483395949849724
1771,0.0034436179377409504
1772,-0.0667022340544615
1773,-0.13043845371389984
1774,0.47519074659264177
1775,-0.02252640380053035
1776,0.055408541524445874
1777,0.2832626680615032
1778,0.2505988232262341
1779,0.38404898170591395
1780,0.09578951436340764
1781,0.44626463187694876
1782,0.4326833640601664
1783,0.33758903787300404
1784,-0.09648106823121723
1785,0.3001936609395899
1786,-0.18315634258303115
1787,0.36204068033437886
1788,-0.052247357526156946
1789,0.07974006863143585
1790,-0.2473223284877359
1791,-0.10600669196685637
1792,-0.07122749887188005
1793,0.3345980746507203
1794,0.08379035838128632
1795,0.14384336081387356
1796,0.18571624859543623
1797,0.4965206364426126
1798,0.13614912181897326
1799,0.0995880077026179
1800,-0.03933860583949143
1801,0.11151538448035152
1802,-0.2373001630267551
1803,-0.20250205663300458
1804,0.3812336336244623
1805,-0.2062055051811671
1806,-0.060305344770465105
1807,-0.02897237806177798
1808,0.03540750407183735
1809,0.028808379487388347
1810,0.9383144671559355
1811,0.3897790165132542
1812,0.07708207815695
1813,-0.19453418836809416
1814,-0.13243260233467186
1815,-0.023145809465843603
1816,-0.0041773485267441665
1817,0.004459841449128754
1818,-0.06712007966239553
1819,-0.10064231426915037
1820,0.3053907471658863
1821,-0.03456723440002159
1822,-0.05254913923814604
1823,0.08171570000946717
1824,-0.12872136252027905
1825,0.033619516684001684
1826,-0.11723233536610929
1827,0.015293701025988128
1828,-0.006938677162331992
1829,-0.07850480123990664
1830,-0.023567836386654564
1831,0.035455991718677596
1832,-0.10259428616872875
1833,-0.10581280630671398
1834,-0.10788751662030803
1835,0.12102490626578122
1836,-0.25909521744156555
1837,-0.05493243563623698
1838,0.3394516179780329
1839,0.6198873901087408
1840,0.02519523171483572
1841,-0.0710737836818771
1842,0.1082920727136347
1843,0.08238572293439034
1844,-0.25044491216753795
1845,0.18548674386317732
1846,0.028332385062488464
1847,-0.2628249485278115
1848,-0.05707703360791726
1849,0.0644251661657371
1850,0.6536343767753539
1851,-0.12122302192929742
1852,0.14158514020966728
1853,-0.13880258577928606
1854,-0.1883381579275163
1855,-0.15256783136265467
1856,-0.07811384199318927
1857,-0.10545436910378643
1858,0.0034211098352977184
1859,-0.28015937317130607
1860,0.14624055163674204
1861,0.17716930745339832
1862,0.06872040466890744
1863,-0.15154307208626333
1864,0.26189410756014264
1865,0.032061700614535685
1866,-0.035207988134806134
1867,-0.12191873006189329
1868,-0.0007860181037698047
1869,0.28892123098662376
1870,0.4070226469342777
1871,-0.24990471770890005
1872,-0.03392113066242562
1873,0.3034121291357998
1874,-0.1537761009296582
1875,0.21543743605904964
1876,0.08240114964152644
1877,-0.014615671487975802
1878,0.2144474258300459
1879,-0.11618121563897178
1880,-0.06003291016127703
1881,0.12570251414464995
1882,0.11289586700193333
1883,-0.12210486341213635
1884,0.4129906529831805
1885,-0.07378532829049349
1886,-0.0593894035124245
1887,0.18283059732169943
1888,-0.13564759043196573
1889,0.09107160832420297
1890,0.034201390088490845
1891,-0.19621710187385083
1892,-0.19183581316364762
1893,-0.11957571451021327
1894,0.022400400634457383
1895,-0.265590562359826
1896,0.16524802084876816
1897,-0.1074356231789473
1898,-0.10476701061150075
1899,-0.18336400579895734
1900,-0.09919212588569425
1901,1.1266266709713413
1902,-0.1291546608062366
1903,-0.020607155219119364
1904,0.046243830883003025
1905,0.15284183180484806
1906,-0.055815627605222684
1907,0.13849044926296994
1908,0.0977603584411885
1909,-0.07790932125464244
1910,-0.177040198592202
1911,-0.1512407190147506
1912,0.3014264729952191
1913,0.11813568832350331
1914,0.10919780741291353
1915,0.02585613885826937
1916,0.022956800926854516
1917,-0.1551856968160542
1918,0.1731902298768933
1919,-0.029528155052876787
1920,-0.14077055574552427
1921,0.2499733144023738
1922,-0.028850652512372454
1923,-0.2194985740600881
1924,0.05200010927209587
1925,-0.10998726286938885
1926,-0.014819542954336816
1927,0.11038296289010038
1928,-0.03684262176082209
1929,0.14875648135696104
1930,0.019750305309751633
1931,0.1284398197093608
1932,0.10708401524221187
1933,-0.06985437260416412
1934,0.5721595994930527
1935,0.2785182284323029
1936,-0.0824139716801598
1937,0.11984140426842771
1938,0.5167371283773774
1939,0.3856908352386369
1940,-0.1559228544849955
1941,0.4097089456760671
1942,0.5382665785263948
1943,0.00184857260113757
1944,-0.020812325229852047
1945,-0.07380085671693863
1946,-0.04458971151165178
1947,-0.023350018553741234
1948,0.03661964330106866
1949,-0.043332733545264776
1950,-0.1815383562958604
1951,-0.13270467335143582
1952,-0.04942481550888593
1953,0.02691936101895116
1954,-0.029532050685991892
1955,-0.190895667038518
1956,-0.20586009237828784
1957,0.6355332915347922
1958,0.05113897957198581
1959,-0.09233659072960414
1960,-0.09362765548574904
1961,-0.13721732281028298
1962,0.14054664233382322
1963,-0.04957983573598257
1964,0.3684761104153279
1965,-0.06562171528274838
1966,-0.09469875981076713
1967,0.16636801536938178
1968,0.08477395380109384
1969,-0.002344427175165545
1970,-0.07575568541413488
1971,-0.019622858585351066
1972,0.08166256357377613
1973,-0.1426625348951288
1974,-0.07193812727930712
1975,-0.172017428962366
1976,0.6386856378515944
1977,0.0491276901655069
1978,0.3061437730470504
1979,0.09310523269387558
1980,0.15728693098547808
1981,-0.16288346785164565
1982,-0.047813295972686576
1983,-0.023926624196562454
1984,0.2765264431622874
1985,0.4089604127584295
1986,0.06298630108920245
1987,-0.08794641997589821
1988,0.8338977350988278
1989,-0.1961184125015999
1990,0.15802824399640897
1991,0.06541799423602761
1992,-0.09548535306394011
1993,-0.16853992713488392
1994,-0.2832299631344642
1995,0.06658999545872887
1996,-0.03883321237001572
1997,0.06886961607418124
1998,-0.1136361725539387
1999,-0.05883370443398814
2000,0.21659381579295905
2001,0.44472783058389853
2002,0.2368341230315017
2003,0.13392185418410762
2004,-0.026642789458901667
2005,0.09236337429430849
2006,0.18778454409983386
2007,0.03583054385725823
2008,-0.09142900344035505
2009,-0.12451820812698915
2010,0.15806055178037748
2011,-0.05573256405024461
2012,-0.10569037954334763
2013,0.29539850016723
2014,-0.13773326046005713
2015,0.290217100356944
2016,-0.13924824620766235
2017,-0.06709548523199511
2018,-0.11535025112461696
2019,0.06565561487060975
2020,0.09726041885807399
2021,0.027571611199906625
2022,0.0020886994263571157
2023,-0.11788677575857161
2024,0.0403452190453253
2025,0.28482632325216073
2026,-0.10806357326622655
2027,0.4261337659580549
2028,0.14537564317251023
2029,0.37740233039745963
2030,-0.05591886188277491
2031,-0.07490649150104176
2032,-0.1038402914351748
2033,0.1456364947659025
2034,0.011207493538815741
2035,-0.09271965266230091
2036,-0.11643227620780135
2037,-0.03215017584826574
2038,-0.003972801817309871
2039,-0.02805300864659606
2040,-0.08496561137060125
2041,0.035187444085642186
2042,0.4497535868657894
2043,-0.1322631163232743
2044,0.49566624618779165
2045,-0.07485254780359947
2046,0.41075442972063125
2047,-0.10207863419871648
2048,-0.07221909981773915
2049,0.11786662992968167
2050,-0.20209041806716765
2051,0.05741458481166302
2052,0.7060461727651821
2053,-0.05073273537097575
2054,-0.08795589934981173
2055,-0.11936711634233906
2056,0.4588544350950309
2057,-0.1209184093905779
2058,0.06367733446206011
2059,0.13463421398403033
2060,-0.013963802213369396
2061,0.2955026693967298
2062,-0.0649556918744901
2063,0.176225291666041
2064,-0.046754333037544074
2065,0.118023000642925
2066,0.10462400949960182
2067,-0.041583840999980526
2068,0.12513133641730256
2069,0.439474153793882
2070,-0.13124136966982536
2071,0.40402664535983124
2072,-0.06092750334984656
2073,0.2256986895097527
2074,-0.08074438989661935
2075,-0.2698705646090349
2076,-0.054217301279840036
2077,0.052271310264130844
2078,-0.12356873845327042
2079,0.4320350008553638
2080,0.3626128709263361
2081,-0.27242607396170426
2082,0.19748586521744882
2083,-0.07074914758894542
2084,0.026938475592102953
2085,0.0011538513622641813
2086,-0.0768602636159675
2087,-0.07782351344255885
2088,-0.033965203258401994
2089,-0.05167363465184091
2090,0.01141650724088876
2091,-0.11096311896474091
2092,0.14221129830571358
2093,0.06078625527284945
2094,-0.07159752991180653
2095,-0.051689788543825235
2096,0.06281575027141996
2097,-0.2843764739311483
2098,-0.17529625350097405
2099,-0.1908774874173138
2100,0.27390527940618375
2101,0.3972454388835789
2102,0.1720230202829237
2103,0.47583134450210174
2104,-0.03829841985596405
2105,0.5169813845736988
2106,-0.08165432322270001
2107,-0.17589358391196808
2108,-0.06434542796155386
2109,0.013663949926809776
2110,-0.27397858764165217
2111,0.0808369490622328
2112,-0.12219729380051585
2113,0.06914903685208923
2114,-0.0544556620847141
2115,0.49250925108213905
2116,-0.19182542480867354
2117,-0.03913722757832418
2118,-0.0010303002709788692
2119,-0.0750668076249344
2120,0.010337884343958305
2121,0.11451151590923478
2122,0.5971064028942537
2123,-0.10215184613039426
2124,-0.09485470849708964
2125,0.6154158265938148
2126,0.20639458082144962
2127,0.16995558181781134
2128,0.10387890473910544
2129,0.00819383176091415
2130,-0.09675940688881547
2131,0.016707945701234867
2132,-0.12659728154967204
2133,0.02923700301360764
2134,0.19302933884634765
2135,-0.05338490836667627
2136,-0.036024707617403104
2137,-0.1686755990508419
2138,-0.1383825326459201
2139,0.4167627425868321
2140,-0.08824443590920932
2141,-0.11398716909761626
2142,-0.09125080506191934
2143,0.034702524332427334
2144,0.2916352666361933
2145,0.1549122309511279
2146,0.12061203408279092
2147,0.16967893992485883
2148,-0.03778949434579733
2149,0.40865180070304485
2150,0.06031774046353072
2151,-0.07441176124509831
2152,0.8598572992264257
2153,0.3591995951034795
2154,-0.18452693019650068
2155,-0.08244848698956027
2156,0.009310839629472795
2157,-0.1898074868550117
2158,-0.109801571024232
2159,-0.08970542818183815
2160,0.06884325562343518
2161,0.3734044758693395
2162,-0.04899593227379222
2163,0.5912975204726619
2164,-0.06265002245894097
2165,0.09648213628888008
2166,-0.28517461124378596
2167,0.30904812335973997
2168,0.1263121807271753
2169,0.0383751151378363
2170,-0.13155717566102898
2171,-0.300682165752474
2172,-0.15776003506211345
2173,0.08858100021923257
2174,-0.08818243041545935
2175,-0.016976866660860034
2176,-0.06083436741902504
2177,0.04861424572092646
2178,-0.028733445897380458
2179,0.467295700696098
2180,-0.07643581101427006
2181,0.3426373368851883
2182,-0.07418821250302449
2183,-0.10983393074997543
2184,-0.09764914352143463
2185,0.4265790368231198
2186,-0.11704100783837897
2187,0.1795593303113348
2188,0.08659991495484004
2189,-0.08072607176401554
2190,-0.1397356158812587
2191,0.18275899558504238
2192,0.050475761019570485
2193,0.15050203664320994
2194,-0.07935763107724077
2195,-0.12232862857827216
2196,0.021656906068981973
2197,-0.20396224380812294
2198,0.20331908236056634
2199,0.01739025285591455
2200,0.08170510388739391
2201,-0.07958509276635484
2202,-0.07447051604943775
2203,0.021706951969068296
2204,-0.014439069453421133
2205,0.10427914208535882
2206,0.40454073907659766
2207,0.163755214239032
2208,0.21149336723880646
2209,0.2624261731310136
2210,-0.1798840107662818
2211,-0.18678509885893207
2212,-0.021707489777945108
2213,0.13434791092095216
2214,0.3027144472157591
2215,-0.02950997543167251
2216,0.018357694383737827
2217,0.12554790945175226
2218,-0.024001550206811023
2219,0.02946128759749215
2220,0.5235544603580515
2221,-0.10294006256403203
2222,-0.1594591024598545
2223,0.1420887157170226
2224,0.3915498155020894
2225,0.19047359575569145
2226,0.27809103330489265
2227,0.05956824662305794
2228,0.003341794745072686
2229,0.14936547269641304
2230,1.2154808162092865
2231,-0.05740011144760265
2232,-0.10402510027015884
2233,-0.09799323180905452
2234,-0.1356019336118558
2235,0.431028447171064
2236,-0.026484367045551085
2237,0.1567193632114841
2238,-0.06722173837277677
2239,-0.06130353582901091
2240,-0.0534651540803677
2241,-0.0067638930898976934
2242,0.03038537072874349
2243,0.05550847749929391
2244,0.0015719826499599535
2245,-0.09739714800065742
2246,-0.014202734377766951
2247,-0.08728844754274469
2248,0.16640824427401782
2249,-0.1575282708626478
2250,0.09753145103934063
2251,-0.01177705349138293
2252,-0.04010066958948251
2253,0.2877898612173137
2254,0.17274973765511636
2255,0.09750909010525952
2256,-0.010663837372389642
2257,-0.051868009430363335
2258,-0.14398533607571862
2259,0.9350528613156962
2260,-0.0003212950440164841
2261,0.07257459690470229
2262,-0.10840898606910566
2263,0.07235488319700628
2264,0.6883707763405599
2265,-0.11947346712638356
2266,0.1534093736079546
2267,-0.08760944771143529
2268,0.15807982217885397
2269,-0.029400897704447565
2270,-0.10108324799601363
2271,0.00257186181618891
2272,-0.05711356166109384
2273,-0.1617563313369874
2274,-0.03163569256818792
2275,-0.1219434283758435
2276,0.08570459458142245
2277,-0.071564971075926
2278,0.24689672516421834
2279,-0.05291628967380778
2280,0.15996546443192464
2281,0.051786693504602715
2282,-0.16221601604457841
2283,0.13118517624917647
2284,-0.05294735085517954
2285,0.15005149368799586
2286,0.5011467007668857
2287,-0.13762028709971708
2288,0.06394467877731108
2289,0.03042709295940705
2290,-0.06385577284986337
2291,0.006870043686601823
2292,-0.05024022346166748
2293,0.18381408885795708
2294,-0.019724145046345745
2295,-0.06814994871088953
2296,-0.07674322840883252
2297,-0.031808113289865714
2298,-0.17951392562033996
2299,-0.049589367051671024
2300,-0.09148194076590903
2301,-0.06657150526407872
2302,-0.05194266707477509
2303,-0.014764640498300237
2304,-0.08031626847422371
2305,-0.03966199532982606
2306,0.018597171936771524
2307,0.0975545002019388
2308,-0.06166699839865693
2309,0.14949558684245998
2310,0.04378106356936244
2311,-0.08722728610283627
2312,0.0802297237431263
2313,0.013104095506383813
2314,0.008314856096359013
2315,0.02281998629184947
2316,-0.05156395959420504
2317,-0.04331873523693751
2318,-0.0010458828034395837
2319,-0.040500854993961125
2320,0.15929300024358267
2321,0.027710555447681293
2322,-0.10238818120604846
2323,-0.025896308241371263
2324,-0.06145777692948454
2325,0.15931868545125538
2326,-0.0731159070244625
2327,0.19790908679908176
2328,-0.07275150301014695
2329,0.022159650507939402
2330,0.17696650079342208
2331,-0.14267541645529658
2332,0.0590759424808492
2333,-0.11104601803743185
2334,-0.08927233766298014
2335,-0.2719268615634376
2336,0.4093728044800022
2337,-0.02945481326676161
2338,0.4610764003403788
2339,-0.036548085926427235
2340,-0.072465511597718
2341,0.0005487296850398837
2342,0.09498160334013213
2343,0.01819568798792131
2344,-0.12871390887558543
2345,-0.14595704584974734
2346,0.38560346917330696
2347,0.016342924878342695
2348,-0.09533913696768383
2349,0.3331812069158426
2350,-0.005018571541635659
2351,-0.1354436150820551
2352,0.009372078982043418
2353,-0.03580339670012987
2354,0.009435967365132344
2355,-0.06790902328088134
2356,-0.01304962697567428
2357,-0.1537233280863914
2358,-0.05525005958956114
2359,0.9699422553787794
2360,-0.07293329922218851
2361,-0.13883317948468382
2362,-0.02137643887581729
2363,0.022206242279996926
2364,0.19395652549864745
2365,-0.110621601794977
2366,-0.12038948629708641
2367,0.22156866913547835
2368,0.20363229126302673
2369,-0.09654938032213241
2370,0.029716936356435082
2371,-0.007702221252906802
2372,-0.022110869601578043
2373,-0.17398732077427437
2374,-0.016476953048632982
2375,0.025632919080769683
2376,-0.25733730001289745
2377,-0.2990981753569555
2378,-0.06955038553098358
2379,0.23003938572289606
2380,0.04356586879608002
2381,0.07121198235367539
2382,-0.004645889306950285
2383,0.0249705575676397
2384,0.0490751770311143
2385,0.08371387411779166
2386,-0.0013714278774312957
2387,0.39338224340680683
2388,0.05493428714900413
2389,0.18701175437333245
2390,0.12892022918512458
2391,0.11903080092982142
2392,-0.1070971446030133
2393,0.4788609524048881
2394,0.0600345279360573
2395,0.2888959872840373
2396,-0.22857033489540307
2397,0.06375106581148673
2398,0.199717595516472
2399,0.17794955082459357
2400,0.18146876189729544
2401,0.031065561256097267
2402,0.14190193309459356
2403,-0.0391302673804918
2404,-0.06378445679296821
2405,-0.05378948285113119
2406,-0.05747516731228851
2407,-0.0754018320728397
2408,0.289629457086963
2409,0.0947192324498249
2410,0.030669219542959064
2411,-0.0877479504541236
2412,-0.10388984388839988
2413,-0.09312891056345647
2414,-0.0011679459743818496
2415,-0.06816374574483915
2416,0.012814779820363262
2417,-0.0909960514328967
2418,-0.08353461547295916
2419,0.058709804909797346
2420,0.014139295079523762
2421,-0.1041429301864492
2422,0.29578980352820583
2423,0.005574927472017259
2424,0.248991614857349
2425,0.1454182873696777
2426,0.019590220759605242
2427,-0.01624404613012015
2428,-0.06741417399170396
2429,-0.2889617379912625
2430,-0.10706369409999762
2431,-0.18116432357502887
2432,0.026619345327307593
2433,-0.12451522147493417
2434,0.09544867676519823
2435,0.041381535366624915
2436,0.02075922234480782
2437,-0.1975338258667812
2438,0.10010743843675199
2439,-0.14911759896697857
2440,-0.06696367648554298
2441,0.09877826140329704
2442,0.4455478873255311
2443,0.032232615024742256
2444,0.18645366597325186
2445,-0.07809566237198509
2446,-0.07891829023147348
2447,-0.1117286108718734
2448,0.6328930911181992
2449,0.0856954008872706
2450,0.1196152757515353
2451,0.39637177823028175
2452,-0.02378209620798942
2453,0.15712105492743378
2454,0.024928952205969603
2455,0.5138358166585179
2456,-0.1042736676337946
2457,-0.07063406409400132
2458,0.008329607560421823
2459,-0.19660406809662523
2460,0.08272996704733489
2461,-0.23126091883361932
2462,-0.2013476506865403
2463,0.19295729560460434
2464,-0.07962976269274227
2465,0.05161754511474169
2466,-0.05590159124263093
2467,0.007349401341424477
2468,-0.2052887328547286
2469,0.19038168478506057
2470,-0.13279619475875515
2471,-0.08116347345018761
2472,-0.1516716279790642
2473,-0.012612017522402673
2474,-0.1848444502662751
2475,-0.10141983069716491
2476,0.14499950680979617
2477,0.14895113315828273
2478,0.12793395443543004
2479,-0.014742928836405017
2480,0.10546150569214643
2481,0.007133648194062231
2482,0.08600905129481727
2483,-0.17631820792152259
2484,0.047766400129739144
2485,0.4038149047145775
2486,-0.10934687272702832
2487,-0.04559725208967394
2488,0.36296591917012105
2489,-0.13050836734287347
2490,-0.12039099260855764
2491,-0.06562509149811488
2492,0.12992270544009699
2493,0.4129920034693269
2494,0.15688814800892098
2495,-0.11410279148847481
2496,-0.21911043914737965
2497,0.399018860932045
2498,0.18532998358662267
2499,-0.18308362409821471
2500,-0.2694887925637474
2501,-0.007172415149242689
2502,-0.002594396966722798
2503,0.08575655367021641
2504,0.2431588132484303
2505,0.42128749447922403
2506,-0.06091080406922618
2507,0.6249318194586971
2508,-0.057387126003885486
2509,-0.0885392054815911
2510,-0.18628583451889075
2511,0.03784120130547622
2512,0.07892717985473542
2513,0.0029754494069213627
2514,-0.05667993873904342
2515,0.21002484340882144
2516,-0.0024033551187544536
2517,0.12619715566672776
2518,0.22162351964974003
2519,0.538937120869067
2520,0.13153736745367592
2521,0.09672100352605904
2522,-0.20151905854360824
2523,-0.1384141651868156
2524,-0.12198934490482775
2525,-0.019069678682995805
2526,0.3125902667260465
2527,0.02269140442816116
2528,0.029955608811958315
2529,0.018858400108031647
2530,-0.10807892206070031
2531,-0.08645893739808606
2532,-0.01944495800642465
2533,-0.17338219909705
2534,-0.03319005018114392
2535,0.04743207689579458
2536,0.1228560269691644
2537,0.011370798479004025
2538,-0.08217232122954408
2539,-0.08791320321086947
2540,-0.07970196175981012
2541,-0.009172173481700588
2542,-0.09585022671847022
2543,0.050047760794649614
2544,-0.019375174231888087
2545,0.03086909149265512
2546,-0.042777125364934374
2547,-0.2034915474442599
2548,0.2169417737428066
2549,-0.07512822877371687
2550,0.1131496242145748
2551,-0.1616264768998147
2552,0.002582250171162731
2553,-0.030987225479835387
2554,-0.030678665366225905
2555,-0.09237736502287634
2556,0.001973388686147881
2557,-0.1267748704779494
2558,-0.0008968099095654561
2559,-0.11210324092311626
2560,0.04951290335337941
2561,-0.27742806688159255
2562,-0.12363953509241708
2563,-0.06906558481100278
2564,-0.0035598647071010125
2565,-0.13989923247209607
2566,0.44493920763672823
2567,0.04453250522639282
2568,0.2290368575261486
2569,0.02992819221178993
2570,0.38167682681853243
2571,0.05070370749858326
2572,0.0969894126476948
2573,-0.09935205461051598
2574,-0.08023371568003186
2575,-0.11371538376061398
2576,0.41116734085995243
2577,0.0569026726494412
2578,-0.08355084727760582
2579,-0.06683793194130697
2580,-0.08285547676654657
2581,-0.10523848610198698
2582,0.13790805211225082
2583,-0.2007308421099705
2584,-0.14977035125175786
2585,0.004239192789485036
2586,-0.12048620188189256
2587,0.04760260174268963
2588,0.22159757473319303
2589,0.13601059310539756
2590,-0.08340823247774042
2591,-0.07063999194905825
2592,-0.1490096120170259
2593,-0.0921530544681045
2594,0.1856586451671065
2595,0.02637997165782361
2596,-0.15462701108556276
2597,-0.11069800814580934
2598,-0.18120333184795545
2599,0.1383757098822843
2600,-0.07969170325927355
2601,-0.07597708722951416
2602,0.06353942904978283
2603,0.47803016968674544
2604,-0.2040402603539761
2605,-0.20552309414293746
2606,-0.07091311045828207
2607,0.026205810886687733
2608,0.022339148296443064
2609,-0.10117144512974123
2610,-0.05003767651056572
2611,-0.11637069923369407
2612,-0.03301446101119912
2613,0.17001502917914896
2614,-0.1175667624836035
2615,0.1470606862910367
2616,0.13833368898641532
2617,0.042473520285140426
2618,0.14540052328267256
2619,0.19569075747797499
2620,0.04898411011432516
2621,-0.03868419141791643
2622,0.11036857501846167
2623,-0.08660502363990528
2624,-0.060372474320305916
2625,0.05261591796949947
2626,0.16089961128205682
2627,0.21730505451624083
2628,0.05624918452285135
2629,0.07483494712167824
2630,0.9888985619425597
2631,-0.03289000851861293
2632,-0.008452779899764382
2633,-0.011587466013110913
2634,0.12181849001615529
2635,0.1694626024325293
2636,0.36950180464366683
2637,-0.10768169733738937
2638,-0.12701897084894637
2639,-0.08466564762073257
2640,-0.18347318740973245
2641,0.1774626226560837
2642,0.4144122733904584
2643,1.0089837190995687
2644,-0.05991772927550497
2645,0.0290959810948382
2646,-0.12124034451121611
2647,-0.1884388210872125
2648,0.32128381352765234
2649,0.060381135399758395
2650,0.0778797999353887
2651,0.031006217778309385
2652,0.024883866745383284
2653,-0.08888666998457757
2654,0.00045913012339078574
2655,-0.03893428673542956
2656,0.0050352004893530755
2657,0.14442565408104296
2658,-0.03354979891388685
2659,0.007279994144755719
2660,-0.05191259278712597
2661,-0.17976257089663816
2662,0.08202241619006886
2663,-0.10547035418500235
2664,0.10907438077038104
2665,-0.04130984813754629
2666,0.2939123161337897
2667,-0.1402300496362372
2668,0.07281485358435903
2669,-0.051096042115297266
2670,0.35316315576618695
2671,0.059119235950202555
2672,0.05194383035902527
2673,-0.16735695321224164
2674,-0.05556077528682775
2675,-0.09044308795460322
2676,-0.1437317043890331
2677,-0.1276054973707676
2678,0.20909093029667608
2679,-0.2634635207080516
2680,-0.18023851337976315
2681,-0.1430762511319607
2682,-0.1130643974961804
2683,-0.03176771124598006
2684,-0.05817908224531365
2685,0.06295809670544855
2686,-0.06758524422723523
2687,0.12947886297384106
2688,-0.05219271477899465
2689,0.5923064894494933
2690,-0.0742234030554983
2691,0.053955483357928255
2692,-0.07845860552388247
2693,-0.15856040587107034
2694,-0.06920744645513266
2695,-0.10150244409009428
2696,-0.044794180308423706
2697,0.02536663957190354
2698,0.09566970200270974
2699,-0.06951706271816455
2700,0.13700649872584897
2701,0.12611277625345302
2702,0.18222926739404066
2703,0.03499149373994874
2704,0.796740718970287
2705,0.13702517179391444
2706,0.07369591594057512
2707,0.06926915220647387
2708,-0.02915417427381961
2709,-0.06894230100835122
2710,-0.10957822139229516
2711,0.3023309610919011
2712,0.003309097397792622
2713,-0.12088075160379784
2714,0.32642739972583373
2715,0.028025603954668216
2716,-0.08993514068119647
2717,0.4705925490305853
2718,-0.1680646598948322
2719,0.06424001970921642
2720,-0.04020985120025722
2721,0.0493881089107753
2722,-0.07525076807759536
2723,-0.05293522245074758
2724,0.03110194646939303
2725,-0.01376668317774142
2726,0.026947980936904006
2727,-0.06739046257147632
2728,0.44707448205981937
2729,0.48187118602564827
2730,-0.06800275870635442
2731,0.2524668312467367
2732,0.025304309442060698
2733,-0.08634812827836545
2734,0.009363976065163856
2735,-0.042836287046510116
2736,-0.08032527387944177
2737,0.0035587555387006434
2738,0.07534748258519847
2739,0.19631592868029862
2740,-0.18961789937673962
2741,0.1096615176080569
2742,0.03880857357759967
2743,-0.0332874410090233
2744,-0.07041087678011088
2745,0.02627548212071207
2746,-0.06169868288132703
2747,-0.023012985690541055
2748,0.07664992259003962
2749,0.2752228084966243
2750,0.36290327738962896
2751,0.002436813201529435
2752,-0.10512390254662594
2753,-0.11790287770878098
2754,-0.0030029190260677865
2755,-0.11004354178245938
2756,-0.08014925835409491
2757,-0.01932260915572065
2758,-0.07760260507404075
2759,-0.003591055742909917
2760,-0.007336031740080094
2761,0.1521885860732076
2762,0.02054961131232382
2763,0.37385039600659026
2764,0.14682762354719928
2765,-0.08220997035936149
2766,0.43951238294018585
2767,0.08299507786626642
2768,-0.05251174116024036
2769,-0.052220607512099296
2770,0.026613133956729495
2771,0.41318535672627693
2772,0.10544157303604049
2773,0.4022360305838836
2774,0.38889826580768744
2775,-0.11725521571793897
2776,0.06152811367241649
2777,0.31608680521401816
2778,0.10131343555110506
2779,0.271521463590344
2780,-0.14020137777650915
2781,0.0038816256112866043
2782,-0.26062490271145883
2783,0.17268229126044893
2784,-0.23151790076478374
2785,0.15314080866099422
2786,-0.2612871603410389
2787,-0.2687838387952248
2788,-0.08323919662839165
2789,0.17251490889093357
2790,0.029801168601347697
2791,0.19573423274354018
2792,-0.08776657158041411
2793,-0.1405644507828438
2794,-0.11554495486771361
2795,-0.10582283106926364
2796,2.754591600395706e-05
2797,-0.07869364205516494
2798,-0.2878453014822275
2799,0.13587738842374592
2800,-0.08642008495048407
2801,-0.10602919574081839
2802,-0.043539448823799856
2803,0.19979493681925198
2804,0.01740500431997738
2805,0.050882698854781964
2806,-0.18013333128565334
2807,0.26548627085564813
2808,0.34502341216823457
2809,0.1964009573657592
2810,-0.09760564228498177
2811,0.06686206647549289
2812,0.004799774394759156
2813,-0.0839157382460609
2814,0.6501206455599
2815,0.14629244146983614
2816,0.08353332450834686
2817,-0.17473886631485447
2818,0.0028431537063299123
2819,0.02022040434320386
2820,0.4608340140479522
2821,0.04422389317100843
2822,0.29319531187349746
2823,-0.1574631358769618
2824,0.023104029887720822
2825,-0.05119584823570804
2826,0.12988512556597925
2827,0.09864183200312227
2828,-0.0840997939253094
2829,-0.08435633435138738
2830,0.19613195091371244
2831,-0.13107951909933335
2832,0.004221013168280892
2833,0.24428431359717995
2834,0.7584333483537223
2835,0.19955532941178095
2836,0.1793607569060104
2837,-0.19690403184649413
2838,-0.07975650062342264
2839,-0.19136184446796772
2840,-0.01892977351238606
2841,-0.27276369549835294
2842,0.18718804475723783
2843,-0.003193597281612018
2844,-0.073835242171902
2845,-0.1529937539165807
2846,-0.12947662189776238
2847,0.25374831274541826
2848,-0.06556276136827204
2849,0.5122459828133262
2850,-0.0854707451312026
2851,0.17373109957860466
2852,-0.07505901635870393
2853,-0.11927008910688376
2854,-0.01608042953928271
2855,0.17073096863305637
2856,0.27491323551840496
2857,-0.023923637544507548
2858,-0.08416311094887462
2859,-0.08690909944695112
2860,-0.06023306779073488
2861,-0.12410742660043729
2862,0.06649811045898557
2863,0.06441085620676068
2864,0.2949982108792018
2865,-0.17879583058277565
2866,0.30004401668619224
2867,-0.08279054954796027
2868,-0.13494227307101903
2869,-0.12089017903593656
2870,0.15934291628923175
2871,0.1441130684798811
2872,-0.056341538075771705
2873,-0.1719239337676015
2874,0.2720595284362124
2875,0.08880793383363542
2876,0.06972296749350466
2877,-0.11030109507314752
2878,0.41795914345827834
2879,-0.09107614564974469
2880,0.1764168269608704
2881,0.016196189364337685
2882,-0.07030483981095638
2883,-0.09725399646911832
2884,0.220052177076402
2885,-0.08441715816975918
2886,-0.05544684100365253
2887,0.2931217623202829
2888,-0.07437858127216022
2889,-0.10848474314775224
2890,0.07924096011671931
2891,0.05111058473505739
2892,-0.06636267552245839
2893,-0.2714937450736921
2894,0.057950468102986874
2895,0.009759720447891078
2896,0.031736324351312295
2897,-0.1265351851578161
2898,0.5601573616322889
2899,-0.042674890966548404
2900,0.04076064936072787
2901,0.14912181383050238
2902,-0.08109418312251228
2903,0.4840769973790119
2904,-0.11692317792208869
2905,0.03020465663701162
2906,-0.09788394631473006
2907,-0.026589886761197543
2908,0.2454782472343197
2909,-0.13013677588546035
2910,-0.19560029329728096
2911,-0.07532543437896977
2912,0.27920697636706654
2913,-0.08794826390890613
2914,-0.11747518913450937
2915,0.07271273605496652
2916,0.03026043777473974
2917,0.13764836920879314
2918,0.2500346576384941
2919,-0.052262940058617605
2920,-0.03240941724663718
